period	scenario	revenue_twd	cogs_twd	gross_profit_twd	opex_twd	operating_income_twd	begin_cash_twd	operating_cashflow_twd	investing_cashflow_twd	financing_cashflow_twd	end_cash_twd	funding_gap_twd	gross_margin_pct	ccc_days	major_compliance_incident_count	fixed_pool_twd	gross_profit_target_twd	extra_pool_twd	bonus_payout_twd	assumption_id	source_note
2026-04	Base			=C2-D2		=E2-F2					=H2+I2+J2+K2	=IF(L2<0,-L2,0)			0	12000		=IF(R2="",0,MIN(MAX(0,E2-R2)*10%,8000))	=IF(AND(N2>=30,O2<=30,P2=0),Q2+S2,0)	ASM-FIN-001	
2026-05	Base			=C3-D3		=E3-F3					=H3+I3+J3+K3	=IF(L3<0,-L3,0)			0	12000		=IF(R3="",0,MIN(MAX(0,E3-R3)*10%,8000))	=IF(AND(N3>=30,O3<=30,P3=0),Q3+S3,0)	ASM-FIN-001	
2026-06	Base			=C4-D4		=E4-F4					=H4+I4+J4+K4	=IF(L4<0,-L4,0)			0	12000		=IF(R4="",0,MIN(MAX(0,E4-R4)*10%,8000))	=IF(AND(N4>=30,O4<=30,P4=0),Q4+S4,0)	ASM-FIN-001	
2026-07	Base			=C5-D5		=E5-F5					=H5+I5+J5+K5	=IF(L5<0,-L5,0)			0	12000		=IF(R5="",0,MIN(MAX(0,E5-R5)*10%,8000))	=IF(AND(N5>=30,O5<=30,P5=0),Q5+S5,0)	ASM-FIN-001	
2026-08	Base			=C6-D6		=E6-F6					=H6+I6+J6+K6	=IF(L6<0,-L6,0)			0	12000		=IF(R6="",0,MIN(MAX(0,E6-R6)*10%,8000))	=IF(AND(N6>=30,O6<=30,P6=0),Q6+S6,0)	ASM-FIN-001	
2026-09	Base			=C7-D7		=E7-F7					=H7+I7+J7+K7	=IF(L7<0,-L7,0)			0	12000		=IF(R7="",0,MIN(MAX(0,E7-R7)*10%,8000))	=IF(AND(N7>=30,O7<=30,P7=0),Q7+S7,0)	ASM-FIN-001	
2026-10	Base			=C8-D8		=E8-F8					=H8+I8+J8+K8	=IF(L8<0,-L8,0)			0	12000		=IF(R8="",0,MIN(MAX(0,E8-R8)*10%,8000))	=IF(AND(N8>=30,O8<=30,P8=0),Q8+S8,0)	ASM-FIN-001	
2026-11	Base			=C9-D9		=E9-F9					=H9+I9+J9+K9	=IF(L9<0,-L9,0)			0	12000		=IF(R9="",0,MIN(MAX(0,E9-R9)*10%,8000))	=IF(AND(N9>=30,O9<=30,P9=0),Q9+S9,0)	ASM-FIN-001	
2026-12	Base			=C10-D10		=E10-F10					=H10+I10+J10+K10	=IF(L10<0,-L10,0)			0	12000		=IF(R10="",0,MIN(MAX(0,E10-R10)*10%,8000))	=IF(AND(N10>=30,O10<=30,P10=0),Q10+S10,0)	ASM-FIN-001	
2027-01	Base			=C11-D11		=E11-F11					=H11+I11+J11+K11	=IF(L11<0,-L11,0)			0	12000		=IF(R11="",0,MIN(MAX(0,E11-R11)*10%,8000))	=IF(AND(N11>=30,O11<=30,P11=0),Q11+S11,0)	ASM-FIN-001	
2027-02	Base			=C12-D12		=E12-F12					=H12+I12+J12+K12	=IF(L12<0,-L12,0)			0	12000		=IF(R12="",0,MIN(MAX(0,E12-R12)*10%,8000))	=IF(AND(N12>=30,O12<=30,P12=0),Q12+S12,0)	ASM-FIN-001	
2027-03	Base			=C13-D13		=E13-F13					=H13+I13+J13+K13	=IF(L13<0,-L13,0)			0	12000		=IF(R13="",0,MIN(MAX(0,E13-R13)*10%,8000))	=IF(AND(N13>=30,O13<=30,P13=0),Q13+S13,0)	ASM-FIN-001	
2027-04	Base			=C14-D14		=E14-F14					=H14+I14+J14+K14	=IF(L14<0,-L14,0)			0	12000		=IF(R14="",0,MIN(MAX(0,E14-R14)*10%,8000))	=IF(AND(N14>=30,O14<=30,P14=0),Q14+S14,0)	ASM-FIN-001	
2027-05	Base			=C15-D15		=E15-F15					=H15+I15+J15+K15	=IF(L15<0,-L15,0)			0	12000		=IF(R15="",0,MIN(MAX(0,E15-R15)*10%,8000))	=IF(AND(N15>=30,O15<=30,P15=0),Q15+S15,0)	ASM-FIN-001	
2027-06	Base			=C16-D16		=E16-F16					=H16+I16+J16+K16	=IF(L16<0,-L16,0)			0	12000		=IF(R16="",0,MIN(MAX(0,E16-R16)*10%,8000))	=IF(AND(N16>=30,O16<=30,P16=0),Q16+S16,0)	ASM-FIN-001	
2027-07	Base			=C17-D17		=E17-F17					=H17+I17+J17+K17	=IF(L17<0,-L17,0)			0	12000		=IF(R17="",0,MIN(MAX(0,E17-R17)*10%,8000))	=IF(AND(N17>=30,O17<=30,P17=0),Q17+S17,0)	ASM-FIN-001	
2027-08	Base			=C18-D18		=E18-F18					=H18+I18+J18+K18	=IF(L18<0,-L18,0)			0	12000		=IF(R18="",0,MIN(MAX(0,E18-R18)*10%,8000))	=IF(AND(N18>=30,O18<=30,P18=0),Q18+S18,0)	ASM-FIN-001	
2027-09	Base			=C19-D19		=E19-F19					=H19+I19+J19+K19	=IF(L19<0,-L19,0)			0	12000		=IF(R19="",0,MIN(MAX(0,E19-R19)*10%,8000))	=IF(AND(N19>=30,O19<=30,P19=0),Q19+S19,0)	ASM-FIN-001	
2027-10	Base			=C20-D20		=E20-F20					=H20+I20+J20+K20	=IF(L20<0,-L20,0)			0	12000		=IF(R20="",0,MIN(MAX(0,E20-R20)*10%,8000))	=IF(AND(N20>=30,O20<=30,P20=0),Q20+S20,0)	ASM-FIN-001	
2027-11	Base			=C21-D21		=E21-F21					=H21+I21+J21+K21	=IF(L21<0,-L21,0)			0	12000		=IF(R21="",0,MIN(MAX(0,E21-R21)*10%,8000))	=IF(AND(N21>=30,O21<=30,P21=0),Q21+S21,0)	ASM-FIN-001	
2027-12	Base			=C22-D22		=E22-F22					=H22+I22+J22+K22	=IF(L22<0,-L22,0)			0	12000		=IF(R22="",0,MIN(MAX(0,E22-R22)*10%,8000))	=IF(AND(N22>=30,O22<=30,P22=0),Q22+S22,0)	ASM-FIN-001	
2028-01	Base			=C23-D23		=E23-F23					=H23+I23+J23+K23	=IF(L23<0,-L23,0)			0	12000		=IF(R23="",0,MIN(MAX(0,E23-R23)*10%,8000))	=IF(AND(N23>=30,O23<=30,P23=0),Q23+S23,0)	ASM-FIN-001	
2028-02	Base			=C24-D24		=E24-F24					=H24+I24+J24+K24	=IF(L24<0,-L24,0)			0	12000		=IF(R24="",0,MIN(MAX(0,E24-R24)*10%,8000))	=IF(AND(N24>=30,O24<=30,P24=0),Q24+S24,0)	ASM-FIN-001	
2028-03	Base			=C25-D25		=E25-F25					=H25+I25+J25+K25	=IF(L25<0,-L25,0)			0	12000		=IF(R25="",0,MIN(MAX(0,E25-R25)*10%,8000))	=IF(AND(N25>=30,O25<=30,P25=0),Q25+S25,0)	ASM-FIN-001	
2028-04	Base			=C26-D26		=E26-F26					=H26+I26+J26+K26	=IF(L26<0,-L26,0)			0	12000		=IF(R26="",0,MIN(MAX(0,E26-R26)*10%,8000))	=IF(AND(N26>=30,O26<=30,P26=0),Q26+S26,0)	ASM-FIN-001	
2028-05	Base			=C27-D27		=E27-F27					=H27+I27+J27+K27	=IF(L27<0,-L27,0)			0	12000		=IF(R27="",0,MIN(MAX(0,E27-R27)*10%,8000))	=IF(AND(N27>=30,O27<=30,P27=0),Q27+S27,0)	ASM-FIN-001	
2028-06	Base			=C28-D28		=E28-F28					=H28+I28+J28+K28	=IF(L28<0,-L28,0)			0	12000		=IF(R28="",0,MIN(MAX(0,E28-R28)*10%,8000))	=IF(AND(N28>=30,O28<=30,P28=0),Q28+S28,0)	ASM-FIN-001	
2028-07	Base			=C29-D29		=E29-F29					=H29+I29+J29+K29	=IF(L29<0,-L29,0)			0	12000		=IF(R29="",0,MIN(MAX(0,E29-R29)*10%,8000))	=IF(AND(N29>=30,O29<=30,P29=0),Q29+S29,0)	ASM-FIN-001	
2028-08	Base			=C30-D30		=E30-F30					=H30+I30+J30+K30	=IF(L30<0,-L30,0)			0	12000		=IF(R30="",0,MIN(MAX(0,E30-R30)*10%,8000))	=IF(AND(N30>=30,O30<=30,P30=0),Q30+S30,0)	ASM-FIN-001	
2028-09	Base			=C31-D31		=E31-F31					=H31+I31+J31+K31	=IF(L31<0,-L31,0)			0	12000		=IF(R31="",0,MIN(MAX(0,E31-R31)*10%,8000))	=IF(AND(N31>=30,O31<=30,P31=0),Q31+S31,0)	ASM-FIN-001	
2028-10	Base			=C32-D32		=E32-F32					=H32+I32+J32+K32	=IF(L32<0,-L32,0)			0	12000		=IF(R32="",0,MIN(MAX(0,E32-R32)*10%,8000))	=IF(AND(N32>=30,O32<=30,P32=0),Q32+S32,0)	ASM-FIN-001	
2028-11	Base			=C33-D33		=E33-F33					=H33+I33+J33+K33	=IF(L33<0,-L33,0)			0	12000		=IF(R33="",0,MIN(MAX(0,E33-R33)*10%,8000))	=IF(AND(N33>=30,O33<=30,P33=0),Q33+S33,0)	ASM-FIN-001	
2028-12	Base			=C34-D34		=E34-F34					=H34+I34+J34+K34	=IF(L34<0,-L34,0)			0	12000		=IF(R34="",0,MIN(MAX(0,E34-R34)*10%,8000))	=IF(AND(N34>=30,O34<=30,P34=0),Q34+S34,0)	ASM-FIN-001	
2029-01	Base			=C35-D35		=E35-F35					=H35+I35+J35+K35	=IF(L35<0,-L35,0)			0	12000		=IF(R35="",0,MIN(MAX(0,E35-R35)*10%,8000))	=IF(AND(N35>=30,O35<=30,P35=0),Q35+S35,0)	ASM-FIN-001	
2029-02	Base			=C36-D36		=E36-F36					=H36+I36+J36+K36	=IF(L36<0,-L36,0)			0	12000		=IF(R36="",0,MIN(MAX(0,E36-R36)*10%,8000))	=IF(AND(N36>=30,O36<=30,P36=0),Q36+S36,0)	ASM-FIN-001	
2029-03	Base			=C37-D37		=E37-F37					=H37+I37+J37+K37	=IF(L37<0,-L37,0)			0	12000		=IF(R37="",0,MIN(MAX(0,E37-R37)*10%,8000))	=IF(AND(N37>=30,O37<=30,P37=0),Q37+S37,0)	ASM-FIN-001	
